compound,mz_quant,mz_qual,rt_ref,quant_left,quant_right,qual_left,qual_right,area_quant,area_qual,ratio_ref,warning
Naphtalene,128,127,4.835798,4.795650,5.296567,4.806783,5.007150,3733.310140,476.985522,0.127765,
Acenaphtylene,152,153,5.878247,5.855083,5.965333,5.858417,5.958650,4106.515286,534.072062,0.130055,pic parasite proche en intensité : affectation à vérifier
Acenaphtene,153,154,5.987441,5.958650,6.202567,5.941950,6.142433,2569.041230,2399.736783,0.934098,pic parasite proche en intensité : affectation à vérifier ; borne non trouvée (limite atteinte)
Fluorene,166,165,6.343111,6.316367,6.680833,6.316367,6.408400,2923.267274,2623.732800,0.897534,
Phenanthrene,178,176,7.039563,7.002700,7.073200,7.010117,7.073200,4111.464536,749.371675,0.182264,
Anthracene,178,176,7.096366,7.073200,7.436883,7.073200,7.303283,4168.143783,727.335131,0.174499,
Fluoranthene,202,101,8.464728,8.426467,8.758050,8.426467,8.702167,4039.561381,532.797389,0.131895,
Pyrene,202,101,8.817822,8.758050,9.164150,8.758050,9.007667,3895.559180,608.774799,0.156274,
Benzo(a)anthracene,228,226,10.839173,10.768733,10.880067,10.783583,10.880067,2413.643264,612.186599,0.253636,
Chrysene,228,226,10.914064,10.880067,11.251200,10.880067,11.147283,2367.657013,653.832306,0.276152,
Benzo(b)fluoranthene,252,253,12.655567,12.616883,12.672550,12.616883,12.672550,1343.656195,288.962761,0.215057,
Benzo(k)fluoranthene,252,253,12.686255,12.672550,13.136433,12.672550,12.884083,1584.174076,338.750793,0.213834,
Benzo(a)pyrene,252,253,13.176217,13.136433,13.277450,13.140150,13.266317,1055.340951,227.550816,0.215618,
"Dibenz(a,h)anthracene",278,279,14.681539,14.638950,15.043267,14.646367,14.839250,676.366234,152.214233,0.225047,
"Indeno(1,2,3-cd)pyrene",276,277,14.729974,14.702000,15.032150,14.702000,14.909733,644.833184,150.788308,0.233841,pic parasite proche en intensité : affectation à vérifier
"Benzo(g,h,l)perylene",276,277,15.081210,15.032150,15.366000,15.043267,15.284383,584.018157,137.271338,0.235046,pic parasite proche en intensité : affectation à vérifier
